date,product_id,product_name,units_sold
2026-01-01,0007,Notebook,10
2026-01-01,SKU-B,Storage box,5
2026-01-01,SKU-C,Desk tray,3
2026-01-02,0007,Notebook,11
2026-01-02,SKU-B,Storage box,5
2026-01-02,SKU-C,Desk tray,0
2026-01-03,0007,Notebook,12
2026-01-03,SKU-B,Storage box,5
2026-01-03,SKU-C,Desk tray,0
2026-01-04,0007,Notebook,13
2026-01-04,SKU-B,Storage box,5
2026-01-04,SKU-C,Desk tray,0
2026-01-05,0007,Notebook,14
2026-01-05,SKU-B,Storage box,5
2026-01-05,SKU-C,Desk tray,0
2026-01-06,0007,Notebook,15
2026-01-06,SKU-B,Storage box,7
2026-01-06,SKU-C,Desk tray,0
2026-01-07,0007,Notebook,16
2026-01-07,SKU-B,Storage box,7
2026-01-07,SKU-C,Desk tray,0
2026-01-08,0007,Notebook,10
2026-01-08,SKU-B,Storage box,5
2026-01-08,SKU-C,Desk tray,3
2026-01-09,0007,Notebook,11
2026-01-09,SKU-B,Storage box,5
2026-01-09,SKU-C,Desk tray,0
2026-01-10,0007,Notebook,12
2026-01-10,SKU-B,Storage box,5
2026-01-10,SKU-C,Desk tray,0
2026-01-11,0007,Notebook,13
2026-01-11,SKU-B,Storage box,5
2026-01-11,SKU-C,Desk tray,0
2026-01-12,0007,Notebook,14
2026-01-12,SKU-B,Storage box,5
2026-01-12,SKU-C,Desk tray,0
2026-01-13,0007,Notebook,15
2026-01-13,SKU-B,Storage box,7
2026-01-13,SKU-C,Desk tray,0
2026-01-14,0007,Notebook,16
2026-01-14,SKU-B,Storage box,7
2026-01-14,SKU-C,Desk tray,0
2026-01-15,0007,Notebook,10
2026-01-15,SKU-B,Storage box,5
2026-01-15,SKU-C,Desk tray,3
2026-01-16,0007,Notebook,11
2026-01-16,SKU-B,Storage box,5
2026-01-16,SKU-C,Desk tray,0
2026-01-17,0007,Notebook,12
2026-01-17,SKU-B,Storage box,5
2026-01-17,SKU-C,Desk tray,0
2026-01-18,0007,Notebook,13
2026-01-18,SKU-B,Storage box,5
2026-01-18,SKU-C,Desk tray,0
2026-01-19,0007,Notebook,14
2026-01-19,SKU-B,Storage box,5
2026-01-19,SKU-C,Desk tray,0
2026-01-20,0007,Notebook,15
2026-01-20,SKU-B,Storage box,7
2026-01-20,SKU-C,Desk tray,0
2026-01-21,0007,Notebook,16
2026-01-21,SKU-B,Storage box,7
2026-01-21,SKU-C,Desk tray,0
