event_id,date,product_id,product_name,quantity,event_type
0007-2026-01-01-1,2026-01-01,0007,Notebook,5,sale
0007-2026-01-01-2,2026-01-01,0007,Notebook,5,sale
SKU-B-2026-01-01-1,2026-01-01,SKU-B,Storage box,2,sale
SKU-B-2026-01-01-2,2026-01-01,SKU-B,Storage box,3,sale
SKU-C-2026-01-01-1,2026-01-01,SKU-C,Desk tray,1,sale
SKU-C-2026-01-01-2,2026-01-01,SKU-C,Desk tray,2,sale
0007-2026-01-02-1,2026-01-02,0007,Notebook,5,sale
0007-2026-01-02-2,2026-01-02,0007,Notebook,6,sale
SKU-B-2026-01-02-1,2026-01-02,SKU-B,Storage box,2,sale
SKU-B-2026-01-02-2,2026-01-02,SKU-B,Storage box,3,sale
0007-2026-01-03-1,2026-01-03,0007,Notebook,6,sale
0007-2026-01-03-2,2026-01-03,0007,Notebook,6,sale
SKU-B-2026-01-03-1,2026-01-03,SKU-B,Storage box,2,sale
SKU-B-2026-01-03-2,2026-01-03,SKU-B,Storage box,3,sale
0007-2026-01-04-1,2026-01-04,0007,Notebook,6,sale
0007-2026-01-04-2,2026-01-04,0007,Notebook,7,sale
SKU-B-2026-01-04-1,2026-01-04,SKU-B,Storage box,2,sale
SKU-B-2026-01-04-2,2026-01-04,SKU-B,Storage box,3,sale
0007-2026-01-05-1,2026-01-05,0007,Notebook,7,sale
0007-2026-01-05-2,2026-01-05,0007,Notebook,7,sale
SKU-B-2026-01-05-1,2026-01-05,SKU-B,Storage box,2,sale
SKU-B-2026-01-05-2,2026-01-05,SKU-B,Storage box,3,sale
0007-2026-01-06-1,2026-01-06,0007,Notebook,7,sale
0007-2026-01-06-2,2026-01-06,0007,Notebook,8,sale
SKU-B-2026-01-06-1,2026-01-06,SKU-B,Storage box,3,sale
SKU-B-2026-01-06-2,2026-01-06,SKU-B,Storage box,4,sale
0007-2026-01-07-1,2026-01-07,0007,Notebook,8,sale
0007-2026-01-07-2,2026-01-07,0007,Notebook,8,sale
SKU-B-2026-01-07-1,2026-01-07,SKU-B,Storage box,3,sale
SKU-B-2026-01-07-2,2026-01-07,SKU-B,Storage box,4,sale
0007-2026-01-08-1,2026-01-08,0007,Notebook,5,sale
0007-2026-01-08-2,2026-01-08,0007,Notebook,5,sale
SKU-B-2026-01-08-1,2026-01-08,SKU-B,Storage box,2,sale
SKU-B-2026-01-08-2,2026-01-08,SKU-B,Storage box,3,sale
SKU-C-2026-01-08-1,2026-01-08,SKU-C,Desk tray,1,sale
SKU-C-2026-01-08-2,2026-01-08,SKU-C,Desk tray,2,sale
0007-2026-01-09-1,2026-01-09,0007,Notebook,5,sale
0007-2026-01-09-2,2026-01-09,0007,Notebook,6,sale
SKU-B-2026-01-09-1,2026-01-09,SKU-B,Storage box,2,sale
SKU-B-2026-01-09-2,2026-01-09,SKU-B,Storage box,3,sale
0007-2026-01-10-1,2026-01-10,0007,Notebook,6,sale
0007-2026-01-10-2,2026-01-10,0007,Notebook,6,sale
SKU-B-2026-01-10-1,2026-01-10,SKU-B,Storage box,2,sale
SKU-B-2026-01-10-2,2026-01-10,SKU-B,Storage box,3,sale
0007-2026-01-11-1,2026-01-11,0007,Notebook,6,sale
0007-2026-01-11-2,2026-01-11,0007,Notebook,7,sale
SKU-B-2026-01-11-1,2026-01-11,SKU-B,Storage box,2,sale
SKU-B-2026-01-11-2,2026-01-11,SKU-B,Storage box,3,sale
0007-2026-01-12-1,2026-01-12,0007,Notebook,7,sale
0007-2026-01-12-2,2026-01-12,0007,Notebook,7,sale
SKU-B-2026-01-12-1,2026-01-12,SKU-B,Storage box,2,sale
SKU-B-2026-01-12-2,2026-01-12,SKU-B,Storage box,3,sale
0007-2026-01-13-1,2026-01-13,0007,Notebook,7,sale
0007-2026-01-13-2,2026-01-13,0007,Notebook,8,sale
SKU-B-2026-01-13-1,2026-01-13,SKU-B,Storage box,3,sale
SKU-B-2026-01-13-2,2026-01-13,SKU-B,Storage box,4,sale
0007-2026-01-14-1,2026-01-14,0007,Notebook,8,sale
0007-2026-01-14-2,2026-01-14,0007,Notebook,8,sale
SKU-B-2026-01-14-1,2026-01-14,SKU-B,Storage box,3,sale
SKU-B-2026-01-14-2,2026-01-14,SKU-B,Storage box,4,sale
0007-2026-01-15-1,2026-01-15,0007,Notebook,5,sale
0007-2026-01-15-2,2026-01-15,0007,Notebook,5,sale
SKU-B-2026-01-15-1,2026-01-15,SKU-B,Storage box,2,sale
SKU-B-2026-01-15-2,2026-01-15,SKU-B,Storage box,3,sale
SKU-C-2026-01-15-1,2026-01-15,SKU-C,Desk tray,1,sale
SKU-C-2026-01-15-2,2026-01-15,SKU-C,Desk tray,2,sale
0007-2026-01-16-1,2026-01-16,0007,Notebook,5,sale
0007-2026-01-16-2,2026-01-16,0007,Notebook,6,sale
SKU-B-2026-01-16-1,2026-01-16,SKU-B,Storage box,2,sale
SKU-B-2026-01-16-2,2026-01-16,SKU-B,Storage box,3,sale
0007-2026-01-17-1,2026-01-17,0007,Notebook,6,sale
0007-2026-01-17-2,2026-01-17,0007,Notebook,6,sale
SKU-B-2026-01-17-1,2026-01-17,SKU-B,Storage box,2,sale
SKU-B-2026-01-17-2,2026-01-17,SKU-B,Storage box,3,sale
0007-2026-01-18-1,2026-01-18,0007,Notebook,6,sale
0007-2026-01-18-2,2026-01-18,0007,Notebook,7,sale
SKU-B-2026-01-18-1,2026-01-18,SKU-B,Storage box,2,sale
SKU-B-2026-01-18-2,2026-01-18,SKU-B,Storage box,3,sale
0007-2026-01-19-1,2026-01-19,0007,Notebook,7,sale
0007-2026-01-19-2,2026-01-19,0007,Notebook,7,sale
SKU-B-2026-01-19-1,2026-01-19,SKU-B,Storage box,2,sale
SKU-B-2026-01-19-2,2026-01-19,SKU-B,Storage box,3,sale
0007-2026-01-20-1,2026-01-20,0007,Notebook,7,sale
0007-2026-01-20-2,2026-01-20,0007,Notebook,8,sale
SKU-B-2026-01-20-1,2026-01-20,SKU-B,Storage box,3,sale
SKU-B-2026-01-20-2,2026-01-20,SKU-B,Storage box,4,sale
0007-2026-01-21-1,2026-01-21,0007,Notebook,8,sale
0007-2026-01-21-2,2026-01-21,0007,Notebook,8,sale
SKU-B-2026-01-21-1,2026-01-21,SKU-B,Storage box,3,sale
SKU-B-2026-01-21-2,2026-01-21,SKU-B,Storage box,4,sale
0007-2026-01-22-1,2026-01-22,0007,Notebook,5,sale
0007-2026-01-22-2,2026-01-22,0007,Notebook,5,sale
SKU-B-2026-01-22-1,2026-01-22,SKU-B,Storage box,2,sale
SKU-B-2026-01-22-2,2026-01-22,SKU-B,Storage box,3,sale
SKU-C-2026-01-22-1,2026-01-22,SKU-C,Desk tray,1,sale
SKU-C-2026-01-22-2,2026-01-22,SKU-C,Desk tray,2,sale
0007-2026-01-23-1,2026-01-23,0007,Notebook,5,sale
0007-2026-01-23-2,2026-01-23,0007,Notebook,6,sale
SKU-B-2026-01-23-1,2026-01-23,SKU-B,Storage box,2,sale
SKU-B-2026-01-23-2,2026-01-23,SKU-B,Storage box,3,sale
0007-2026-01-24-1,2026-01-24,0007,Notebook,6,sale
0007-2026-01-24-2,2026-01-24,0007,Notebook,6,sale
SKU-B-2026-01-24-1,2026-01-24,SKU-B,Storage box,2,sale
SKU-B-2026-01-24-2,2026-01-24,SKU-B,Storage box,3,sale
0007-2026-01-25-1,2026-01-25,0007,Notebook,6,sale
0007-2026-01-25-2,2026-01-25,0007,Notebook,7,sale
SKU-B-2026-01-25-1,2026-01-25,SKU-B,Storage box,2,sale
SKU-B-2026-01-25-2,2026-01-25,SKU-B,Storage box,3,sale
0007-2026-01-26-1,2026-01-26,0007,Notebook,7,sale
0007-2026-01-26-2,2026-01-26,0007,Notebook,7,sale
SKU-B-2026-01-26-1,2026-01-26,SKU-B,Storage box,2,sale
SKU-B-2026-01-26-2,2026-01-26,SKU-B,Storage box,3,sale
0007-2026-01-27-1,2026-01-27,0007,Notebook,7,sale
0007-2026-01-27-2,2026-01-27,0007,Notebook,8,sale
SKU-B-2026-01-27-1,2026-01-27,SKU-B,Storage box,3,sale
SKU-B-2026-01-27-2,2026-01-27,SKU-B,Storage box,4,sale
0007-2026-01-28-1,2026-01-28,0007,Notebook,8,sale
0007-2026-01-28-2,2026-01-28,0007,Notebook,8,sale
SKU-B-2026-01-28-1,2026-01-28,SKU-B,Storage box,3,sale
SKU-B-2026-01-28-2,2026-01-28,SKU-B,Storage box,4,sale
0007-2026-01-29-1,2026-01-29,0007,Notebook,5,sale
0007-2026-01-29-2,2026-01-29,0007,Notebook,5,sale
SKU-B-2026-01-29-1,2026-01-29,SKU-B,Storage box,2,sale
SKU-B-2026-01-29-2,2026-01-29,SKU-B,Storage box,3,sale
SKU-C-2026-01-29-1,2026-01-29,SKU-C,Desk tray,1,sale
SKU-C-2026-01-29-2,2026-01-29,SKU-C,Desk tray,2,sale
0007-2026-01-30-1,2026-01-30,0007,Notebook,5,sale
0007-2026-01-30-2,2026-01-30,0007,Notebook,6,sale
SKU-B-2026-01-30-1,2026-01-30,SKU-B,Storage box,2,sale
SKU-B-2026-01-30-2,2026-01-30,SKU-B,Storage box,3,sale
0007-2026-01-31-1,2026-01-31,0007,Notebook,6,sale
0007-2026-01-31-2,2026-01-31,0007,Notebook,6,sale
SKU-B-2026-01-31-1,2026-01-31,SKU-B,Storage box,2,sale
SKU-B-2026-01-31-2,2026-01-31,SKU-B,Storage box,3,sale
0007-2026-02-01-1,2026-02-01,0007,Notebook,6,sale
0007-2026-02-01-2,2026-02-01,0007,Notebook,7,sale
SKU-B-2026-02-01-1,2026-02-01,SKU-B,Storage box,2,sale
SKU-B-2026-02-01-2,2026-02-01,SKU-B,Storage box,3,sale
0007-2026-02-02-1,2026-02-02,0007,Notebook,7,sale
0007-2026-02-02-2,2026-02-02,0007,Notebook,7,sale
SKU-B-2026-02-02-1,2026-02-02,SKU-B,Storage box,2,sale
SKU-B-2026-02-02-2,2026-02-02,SKU-B,Storage box,3,sale
0007-2026-02-03-1,2026-02-03,0007,Notebook,7,sale
0007-2026-02-03-2,2026-02-03,0007,Notebook,8,sale
SKU-B-2026-02-03-1,2026-02-03,SKU-B,Storage box,3,sale
SKU-B-2026-02-03-2,2026-02-03,SKU-B,Storage box,4,sale
0007-2026-02-04-1,2026-02-04,0007,Notebook,8,sale
0007-2026-02-04-2,2026-02-04,0007,Notebook,8,sale
SKU-B-2026-02-04-1,2026-02-04,SKU-B,Storage box,3,sale
SKU-B-2026-02-04-2,2026-02-04,SKU-B,Storage box,4,sale
0007-2026-02-05-1,2026-02-05,0007,Notebook,5,sale
0007-2026-02-05-2,2026-02-05,0007,Notebook,5,sale
SKU-B-2026-02-05-1,2026-02-05,SKU-B,Storage box,2,sale
SKU-B-2026-02-05-2,2026-02-05,SKU-B,Storage box,3,sale
SKU-C-2026-02-05-1,2026-02-05,SKU-C,Desk tray,1,sale
SKU-C-2026-02-05-2,2026-02-05,SKU-C,Desk tray,2,sale
0007-2026-02-06-1,2026-02-06,0007,Notebook,5,sale
0007-2026-02-06-2,2026-02-06,0007,Notebook,6,sale
SKU-B-2026-02-06-1,2026-02-06,SKU-B,Storage box,2,sale
SKU-B-2026-02-06-2,2026-02-06,SKU-B,Storage box,3,sale
0007-2026-02-07-1,2026-02-07,0007,Notebook,6,sale
0007-2026-02-07-2,2026-02-07,0007,Notebook,6,sale
SKU-B-2026-02-07-1,2026-02-07,SKU-B,Storage box,2,sale
SKU-B-2026-02-07-2,2026-02-07,SKU-B,Storage box,3,sale
0007-2026-02-08-1,2026-02-08,0007,Notebook,6,sale
0007-2026-02-08-2,2026-02-08,0007,Notebook,7,sale
SKU-B-2026-02-08-1,2026-02-08,SKU-B,Storage box,2,sale
SKU-B-2026-02-08-2,2026-02-08,SKU-B,Storage box,3,sale
0007-2026-02-09-1,2026-02-09,0007,Notebook,7,sale
0007-2026-02-09-2,2026-02-09,0007,Notebook,7,sale
SKU-B-2026-02-09-1,2026-02-09,SKU-B,Storage box,2,sale
SKU-B-2026-02-09-2,2026-02-09,SKU-B,Storage box,3,sale
0007-2026-02-10-1,2026-02-10,0007,Notebook,7,sale
0007-2026-02-10-2,2026-02-10,0007,Notebook,8,sale
SKU-B-2026-02-10-1,2026-02-10,SKU-B,Storage box,3,sale
SKU-B-2026-02-10-2,2026-02-10,SKU-B,Storage box,4,sale
0007-2026-02-11-1,2026-02-11,0007,Notebook,8,sale
0007-2026-02-11-2,2026-02-11,0007,Notebook,8,sale
SKU-B-2026-02-11-1,2026-02-11,SKU-B,Storage box,3,sale
SKU-B-2026-02-11-2,2026-02-11,SKU-B,Storage box,4,sale
0007-2026-02-12-1,2026-02-12,0007,Notebook,5,sale
0007-2026-02-12-2,2026-02-12,0007,Notebook,5,sale
SKU-B-2026-02-12-1,2026-02-12,SKU-B,Storage box,2,sale
SKU-B-2026-02-12-2,2026-02-12,SKU-B,Storage box,3,sale
SKU-C-2026-02-12-1,2026-02-12,SKU-C,Desk tray,1,sale
SKU-C-2026-02-12-2,2026-02-12,SKU-C,Desk tray,2,sale
0007-2026-02-13-1,2026-02-13,0007,Notebook,5,sale
0007-2026-02-13-2,2026-02-13,0007,Notebook,6,sale
SKU-B-2026-02-13-1,2026-02-13,SKU-B,Storage box,2,sale
SKU-B-2026-02-13-2,2026-02-13,SKU-B,Storage box,3,sale
0007-2026-02-14-1,2026-02-14,0007,Notebook,6,sale
0007-2026-02-14-2,2026-02-14,0007,Notebook,6,sale
SKU-B-2026-02-14-1,2026-02-14,SKU-B,Storage box,2,sale
SKU-B-2026-02-14-2,2026-02-14,SKU-B,Storage box,3,sale
0007-2026-02-15-1,2026-02-15,0007,Notebook,6,sale
0007-2026-02-15-2,2026-02-15,0007,Notebook,7,sale
SKU-B-2026-02-15-1,2026-02-15,SKU-B,Storage box,2,sale
SKU-B-2026-02-15-2,2026-02-15,SKU-B,Storage box,3,sale
0007-2026-02-16-1,2026-02-16,0007,Notebook,7,sale
0007-2026-02-16-2,2026-02-16,0007,Notebook,7,sale
SKU-B-2026-02-16-1,2026-02-16,SKU-B,Storage box,2,sale
SKU-B-2026-02-16-2,2026-02-16,SKU-B,Storage box,3,sale
0007-2026-02-17-1,2026-02-17,0007,Notebook,7,sale
0007-2026-02-17-2,2026-02-17,0007,Notebook,8,sale
SKU-B-2026-02-17-1,2026-02-17,SKU-B,Storage box,3,sale
SKU-B-2026-02-17-2,2026-02-17,SKU-B,Storage box,4,sale
0007-2026-02-18-1,2026-02-18,0007,Notebook,8,sale
0007-2026-02-18-2,2026-02-18,0007,Notebook,8,sale
SKU-B-2026-02-18-1,2026-02-18,SKU-B,Storage box,3,sale
SKU-B-2026-02-18-2,2026-02-18,SKU-B,Storage box,4,sale
0007-2026-02-19-1,2026-02-19,0007,Notebook,5,sale
0007-2026-02-19-2,2026-02-19,0007,Notebook,5,sale
SKU-B-2026-02-19-1,2026-02-19,SKU-B,Storage box,2,sale
SKU-B-2026-02-19-2,2026-02-19,SKU-B,Storage box,3,sale
SKU-C-2026-02-19-1,2026-02-19,SKU-C,Desk tray,1,sale
SKU-C-2026-02-19-2,2026-02-19,SKU-C,Desk tray,2,sale
0007-2026-02-20-1,2026-02-20,0007,Notebook,5,sale
0007-2026-02-20-2,2026-02-20,0007,Notebook,6,sale
SKU-B-2026-02-20-1,2026-02-20,SKU-B,Storage box,2,sale
SKU-B-2026-02-20-2,2026-02-20,SKU-B,Storage box,3,sale
0007-2026-02-21-1,2026-02-21,0007,Notebook,6,sale
0007-2026-02-21-2,2026-02-21,0007,Notebook,6,sale
SKU-B-2026-02-21-1,2026-02-21,SKU-B,Storage box,2,sale
SKU-B-2026-02-21-2,2026-02-21,SKU-B,Storage box,3,sale
0007-2026-02-22-1,2026-02-22,0007,Notebook,6,sale
0007-2026-02-22-2,2026-02-22,0007,Notebook,7,sale
SKU-B-2026-02-22-1,2026-02-22,SKU-B,Storage box,2,sale
SKU-B-2026-02-22-2,2026-02-22,SKU-B,Storage box,3,sale
0007-2026-02-23-1,2026-02-23,0007,Notebook,7,sale
0007-2026-02-23-2,2026-02-23,0007,Notebook,7,sale
SKU-B-2026-02-23-1,2026-02-23,SKU-B,Storage box,2,sale
SKU-B-2026-02-23-2,2026-02-23,SKU-B,Storage box,3,sale
0007-2026-02-24-1,2026-02-24,0007,Notebook,7,sale
0007-2026-02-24-2,2026-02-24,0007,Notebook,8,sale
SKU-B-2026-02-24-1,2026-02-24,SKU-B,Storage box,3,sale
SKU-B-2026-02-24-2,2026-02-24,SKU-B,Storage box,4,sale
0007-2026-02-25-1,2026-02-25,0007,Notebook,8,sale
0007-2026-02-25-2,2026-02-25,0007,Notebook,8,sale
SKU-B-2026-02-25-1,2026-02-25,SKU-B,Storage box,3,sale
SKU-B-2026-02-25-2,2026-02-25,SKU-B,Storage box,4,sale
0007-2026-02-26-1,2026-02-26,0007,Notebook,5,sale
0007-2026-02-26-2,2026-02-26,0007,Notebook,5,sale
SKU-B-2026-02-26-1,2026-02-26,SKU-B,Storage box,2,sale
SKU-B-2026-02-26-2,2026-02-26,SKU-B,Storage box,3,sale
SKU-C-2026-02-26-1,2026-02-26,SKU-C,Desk tray,1,sale
SKU-C-2026-02-26-2,2026-02-26,SKU-C,Desk tray,2,sale
0007-2026-02-27-1,2026-02-27,0007,Notebook,5,sale
0007-2026-02-27-2,2026-02-27,0007,Notebook,6,sale
SKU-B-2026-02-27-1,2026-02-27,SKU-B,Storage box,2,sale
SKU-B-2026-02-27-2,2026-02-27,SKU-B,Storage box,3,sale
0007-2026-02-28-1,2026-02-28,0007,Notebook,6,sale
0007-2026-02-28-2,2026-02-28,0007,Notebook,6,sale
SKU-B-2026-02-28-1,2026-02-28,SKU-B,Storage box,2,sale
SKU-B-2026-02-28-2,2026-02-28,SKU-B,Storage box,3,sale
0007-2026-03-01-1,2026-03-01,0007,Notebook,6,sale
0007-2026-03-01-2,2026-03-01,0007,Notebook,7,sale
SKU-B-2026-03-01-1,2026-03-01,SKU-B,Storage box,2,sale
SKU-B-2026-03-01-2,2026-03-01,SKU-B,Storage box,3,sale
0007-2026-03-02-1,2026-03-02,0007,Notebook,7,sale
0007-2026-03-02-2,2026-03-02,0007,Notebook,7,sale
SKU-B-2026-03-02-1,2026-03-02,SKU-B,Storage box,2,sale
SKU-B-2026-03-02-2,2026-03-02,SKU-B,Storage box,3,sale
0007-2026-03-03-1,2026-03-03,0007,Notebook,7,sale
0007-2026-03-03-2,2026-03-03,0007,Notebook,8,sale
SKU-B-2026-03-03-1,2026-03-03,SKU-B,Storage box,3,sale
SKU-B-2026-03-03-2,2026-03-03,SKU-B,Storage box,4,sale
0007-2026-03-04-1,2026-03-04,0007,Notebook,8,sale
0007-2026-03-04-2,2026-03-04,0007,Notebook,8,sale
SKU-B-2026-03-04-1,2026-03-04,SKU-B,Storage box,3,sale
SKU-B-2026-03-04-2,2026-03-04,SKU-B,Storage box,4,sale
0007-2026-03-05-1,2026-03-05,0007,Notebook,5,sale
0007-2026-03-05-2,2026-03-05,0007,Notebook,5,sale
SKU-B-2026-03-05-1,2026-03-05,SKU-B,Storage box,2,sale
SKU-B-2026-03-05-2,2026-03-05,SKU-B,Storage box,3,sale
SKU-C-2026-03-05-1,2026-03-05,SKU-C,Desk tray,1,sale
SKU-C-2026-03-05-2,2026-03-05,SKU-C,Desk tray,2,sale
0007-2026-03-06-1,2026-03-06,0007,Notebook,5,sale
0007-2026-03-06-2,2026-03-06,0007,Notebook,6,sale
SKU-B-2026-03-06-1,2026-03-06,SKU-B,Storage box,2,sale
SKU-B-2026-03-06-2,2026-03-06,SKU-B,Storage box,3,sale
0007-2026-03-07-1,2026-03-07,0007,Notebook,6,sale
0007-2026-03-07-2,2026-03-07,0007,Notebook,6,sale
SKU-B-2026-03-07-1,2026-03-07,SKU-B,Storage box,2,sale
SKU-B-2026-03-07-2,2026-03-07,SKU-B,Storage box,3,sale
0007-2026-03-08-1,2026-03-08,0007,Notebook,6,sale
0007-2026-03-08-2,2026-03-08,0007,Notebook,7,sale
SKU-B-2026-03-08-1,2026-03-08,SKU-B,Storage box,2,sale
SKU-B-2026-03-08-2,2026-03-08,SKU-B,Storage box,3,sale
0007-2026-03-09-1,2026-03-09,0007,Notebook,7,sale
0007-2026-03-09-2,2026-03-09,0007,Notebook,7,sale
SKU-B-2026-03-09-1,2026-03-09,SKU-B,Storage box,2,sale
SKU-B-2026-03-09-2,2026-03-09,SKU-B,Storage box,3,sale
0007-2026-03-10-1,2026-03-10,0007,Notebook,7,sale
0007-2026-03-10-2,2026-03-10,0007,Notebook,8,sale
SKU-B-2026-03-10-1,2026-03-10,SKU-B,Storage box,3,sale
SKU-B-2026-03-10-2,2026-03-10,SKU-B,Storage box,4,sale
0007-2026-03-11-1,2026-03-11,0007,Notebook,8,sale
0007-2026-03-11-2,2026-03-11,0007,Notebook,8,sale
SKU-B-2026-03-11-1,2026-03-11,SKU-B,Storage box,3,sale
SKU-B-2026-03-11-2,2026-03-11,SKU-B,Storage box,4,sale
0007-2026-03-12-1,2026-03-12,0007,Notebook,5,sale
0007-2026-03-12-2,2026-03-12,0007,Notebook,5,sale
SKU-B-2026-03-12-1,2026-03-12,SKU-B,Storage box,2,sale
SKU-B-2026-03-12-2,2026-03-12,SKU-B,Storage box,3,sale
SKU-C-2026-03-12-1,2026-03-12,SKU-C,Desk tray,1,sale
SKU-C-2026-03-12-2,2026-03-12,SKU-C,Desk tray,2,sale
0007-2026-03-13-1,2026-03-13,0007,Notebook,5,sale
0007-2026-03-13-2,2026-03-13,0007,Notebook,6,sale
SKU-B-2026-03-13-1,2026-03-13,SKU-B,Storage box,2,sale
SKU-B-2026-03-13-2,2026-03-13,SKU-B,Storage box,3,sale
0007-2026-03-14-1,2026-03-14,0007,Notebook,6,sale
0007-2026-03-14-2,2026-03-14,0007,Notebook,6,sale
SKU-B-2026-03-14-1,2026-03-14,SKU-B,Storage box,2,sale
SKU-B-2026-03-14-2,2026-03-14,SKU-B,Storage box,3,sale
0007-2026-03-15-1,2026-03-15,0007,Notebook,6,sale
0007-2026-03-15-2,2026-03-15,0007,Notebook,7,sale
SKU-B-2026-03-15-1,2026-03-15,SKU-B,Storage box,2,sale
SKU-B-2026-03-15-2,2026-03-15,SKU-B,Storage box,3,sale
0007-2026-03-16-1,2026-03-16,0007,Notebook,7,sale
0007-2026-03-16-2,2026-03-16,0007,Notebook,7,sale
SKU-B-2026-03-16-1,2026-03-16,SKU-B,Storage box,2,sale
SKU-B-2026-03-16-2,2026-03-16,SKU-B,Storage box,3,sale
0007-2026-03-17-1,2026-03-17,0007,Notebook,7,sale
0007-2026-03-17-2,2026-03-17,0007,Notebook,8,sale
SKU-B-2026-03-17-1,2026-03-17,SKU-B,Storage box,3,sale
SKU-B-2026-03-17-2,2026-03-17,SKU-B,Storage box,4,sale
0007-2026-03-18-1,2026-03-18,0007,Notebook,8,sale
0007-2026-03-18-2,2026-03-18,0007,Notebook,8,sale
SKU-B-2026-03-18-1,2026-03-18,SKU-B,Storage box,3,sale
SKU-B-2026-03-18-2,2026-03-18,SKU-B,Storage box,4,sale
0007-2026-03-19-1,2026-03-19,0007,Notebook,5,sale
0007-2026-03-19-2,2026-03-19,0007,Notebook,5,sale
SKU-B-2026-03-19-1,2026-03-19,SKU-B,Storage box,2,sale
SKU-B-2026-03-19-2,2026-03-19,SKU-B,Storage box,3,sale
SKU-C-2026-03-19-1,2026-03-19,SKU-C,Desk tray,1,sale
SKU-C-2026-03-19-2,2026-03-19,SKU-C,Desk tray,2,sale
0007-2026-03-20-1,2026-03-20,0007,Notebook,5,sale
0007-2026-03-20-2,2026-03-20,0007,Notebook,6,sale
SKU-B-2026-03-20-1,2026-03-20,SKU-B,Storage box,2,sale
SKU-B-2026-03-20-2,2026-03-20,SKU-B,Storage box,3,sale
0007-2026-03-21-1,2026-03-21,0007,Notebook,6,sale
0007-2026-03-21-2,2026-03-21,0007,Notebook,6,sale
SKU-B-2026-03-21-1,2026-03-21,SKU-B,Storage box,2,sale
SKU-B-2026-03-21-2,2026-03-21,SKU-B,Storage box,3,sale
0007-2026-03-22-1,2026-03-22,0007,Notebook,6,sale
0007-2026-03-22-2,2026-03-22,0007,Notebook,7,sale
SKU-B-2026-03-22-1,2026-03-22,SKU-B,Storage box,2,sale
SKU-B-2026-03-22-2,2026-03-22,SKU-B,Storage box,3,sale
0007-2026-03-23-1,2026-03-23,0007,Notebook,7,sale
0007-2026-03-23-2,2026-03-23,0007,Notebook,7,sale
SKU-B-2026-03-23-1,2026-03-23,SKU-B,Storage box,2,sale
SKU-B-2026-03-23-2,2026-03-23,SKU-B,Storage box,3,sale
0007-2026-03-24-1,2026-03-24,0007,Notebook,7,sale
0007-2026-03-24-2,2026-03-24,0007,Notebook,8,sale
SKU-B-2026-03-24-1,2026-03-24,SKU-B,Storage box,3,sale
SKU-B-2026-03-24-2,2026-03-24,SKU-B,Storage box,4,sale
0007-2026-03-25-1,2026-03-25,0007,Notebook,8,sale
0007-2026-03-25-2,2026-03-25,0007,Notebook,8,sale
SKU-B-2026-03-25-1,2026-03-25,SKU-B,Storage box,3,sale
SKU-B-2026-03-25-2,2026-03-25,SKU-B,Storage box,4,sale
0007-2026-03-26-1,2026-03-26,0007,Notebook,5,sale
0007-2026-03-26-2,2026-03-26,0007,Notebook,5,sale
SKU-B-2026-03-26-1,2026-03-26,SKU-B,Storage box,2,sale
SKU-B-2026-03-26-2,2026-03-26,SKU-B,Storage box,3,sale
SKU-C-2026-03-26-1,2026-03-26,SKU-C,Desk tray,1,sale
SKU-C-2026-03-26-2,2026-03-26,SKU-C,Desk tray,2,sale
0007-2026-03-27-1,2026-03-27,0007,Notebook,5,sale
0007-2026-03-27-2,2026-03-27,0007,Notebook,6,sale
SKU-B-2026-03-27-1,2026-03-27,SKU-B,Storage box,2,sale
SKU-B-2026-03-27-2,2026-03-27,SKU-B,Storage box,3,sale
0007-2026-03-28-1,2026-03-28,0007,Notebook,6,sale
0007-2026-03-28-2,2026-03-28,0007,Notebook,6,sale
SKU-B-2026-03-28-1,2026-03-28,SKU-B,Storage box,2,sale
SKU-B-2026-03-28-2,2026-03-28,SKU-B,Storage box,3,sale
0007-2026-03-29-1,2026-03-29,0007,Notebook,6,sale
0007-2026-03-29-2,2026-03-29,0007,Notebook,7,sale
SKU-B-2026-03-29-1,2026-03-29,SKU-B,Storage box,2,sale
SKU-B-2026-03-29-2,2026-03-29,SKU-B,Storage box,3,sale
0007-2026-03-30-1,2026-03-30,0007,Notebook,7,sale
0007-2026-03-30-2,2026-03-30,0007,Notebook,7,sale
SKU-B-2026-03-30-1,2026-03-30,SKU-B,Storage box,2,sale
SKU-B-2026-03-30-2,2026-03-30,SKU-B,Storage box,3,sale
0007-2026-03-31-1,2026-03-31,0007,Notebook,7,sale
0007-2026-03-31-2,2026-03-31,0007,Notebook,8,sale
SKU-B-2026-03-31-1,2026-03-31,SKU-B,Storage box,3,sale
SKU-B-2026-03-31-2,2026-03-31,SKU-B,Storage box,4,sale
0007-2026-04-01-1,2026-04-01,0007,Notebook,8,sale
0007-2026-04-01-2,2026-04-01,0007,Notebook,8,sale
SKU-B-2026-04-01-1,2026-04-01,SKU-B,Storage box,3,sale
SKU-B-2026-04-01-2,2026-04-01,SKU-B,Storage box,4,sale
0007-2026-04-02-1,2026-04-02,0007,Notebook,5,sale
0007-2026-04-02-2,2026-04-02,0007,Notebook,5,sale
SKU-B-2026-04-02-1,2026-04-02,SKU-B,Storage box,2,sale
SKU-B-2026-04-02-2,2026-04-02,SKU-B,Storage box,3,sale
SKU-C-2026-04-02-1,2026-04-02,SKU-C,Desk tray,1,sale
SKU-C-2026-04-02-2,2026-04-02,SKU-C,Desk tray,2,sale
0007-2026-04-03-1,2026-04-03,0007,Notebook,5,sale
0007-2026-04-03-2,2026-04-03,0007,Notebook,6,sale
SKU-B-2026-04-03-1,2026-04-03,SKU-B,Storage box,2,sale
SKU-B-2026-04-03-2,2026-04-03,SKU-B,Storage box,3,sale
0007-2026-04-04-1,2026-04-04,0007,Notebook,6,sale
0007-2026-04-04-2,2026-04-04,0007,Notebook,6,sale
SKU-B-2026-04-04-1,2026-04-04,SKU-B,Storage box,2,sale
SKU-B-2026-04-04-2,2026-04-04,SKU-B,Storage box,3,sale
0007-2026-04-05-1,2026-04-05,0007,Notebook,6,sale
0007-2026-04-05-2,2026-04-05,0007,Notebook,7,sale
SKU-B-2026-04-05-1,2026-04-05,SKU-B,Storage box,2,sale
SKU-B-2026-04-05-2,2026-04-05,SKU-B,Storage box,3,sale
0007-2026-04-06-1,2026-04-06,0007,Notebook,7,sale
0007-2026-04-06-2,2026-04-06,0007,Notebook,7,sale
SKU-B-2026-04-06-1,2026-04-06,SKU-B,Storage box,2,sale
SKU-B-2026-04-06-2,2026-04-06,SKU-B,Storage box,3,sale
0007-2026-04-07-1,2026-04-07,0007,Notebook,7,sale
0007-2026-04-07-2,2026-04-07,0007,Notebook,8,sale
SKU-B-2026-04-07-1,2026-04-07,SKU-B,Storage box,3,sale
SKU-B-2026-04-07-2,2026-04-07,SKU-B,Storage box,4,sale
0007-2026-04-08-1,2026-04-08,0007,Notebook,8,sale
0007-2026-04-08-2,2026-04-08,0007,Notebook,8,sale
SKU-B-2026-04-08-1,2026-04-08,SKU-B,Storage box,3,sale
SKU-B-2026-04-08-2,2026-04-08,SKU-B,Storage box,4,sale
0007-2026-04-09-1,2026-04-09,0007,Notebook,5,sale
0007-2026-04-09-2,2026-04-09,0007,Notebook,5,sale
SKU-B-2026-04-09-1,2026-04-09,SKU-B,Storage box,2,sale
SKU-B-2026-04-09-2,2026-04-09,SKU-B,Storage box,3,sale
SKU-C-2026-04-09-1,2026-04-09,SKU-C,Desk tray,1,sale
SKU-C-2026-04-09-2,2026-04-09,SKU-C,Desk tray,2,sale
0007-2026-04-10-1,2026-04-10,0007,Notebook,5,sale
0007-2026-04-10-2,2026-04-10,0007,Notebook,6,sale
SKU-B-2026-04-10-1,2026-04-10,SKU-B,Storage box,2,sale
SKU-B-2026-04-10-2,2026-04-10,SKU-B,Storage box,3,sale
0007-2026-04-11-1,2026-04-11,0007,Notebook,6,sale
0007-2026-04-11-2,2026-04-11,0007,Notebook,6,sale
SKU-B-2026-04-11-1,2026-04-11,SKU-B,Storage box,2,sale
SKU-B-2026-04-11-2,2026-04-11,SKU-B,Storage box,3,sale
0007-2026-04-12-1,2026-04-12,0007,Notebook,6,sale
0007-2026-04-12-2,2026-04-12,0007,Notebook,7,sale
SKU-B-2026-04-12-1,2026-04-12,SKU-B,Storage box,2,sale
SKU-B-2026-04-12-2,2026-04-12,SKU-B,Storage box,3,sale
0007-2026-04-13-1,2026-04-13,0007,Notebook,7,sale
0007-2026-04-13-2,2026-04-13,0007,Notebook,7,sale
SKU-B-2026-04-13-1,2026-04-13,SKU-B,Storage box,2,sale
SKU-B-2026-04-13-2,2026-04-13,SKU-B,Storage box,3,sale
0007-2026-04-14-1,2026-04-14,0007,Notebook,7,sale
0007-2026-04-14-2,2026-04-14,0007,Notebook,8,sale
SKU-B-2026-04-14-1,2026-04-14,SKU-B,Storage box,3,sale
SKU-B-2026-04-14-2,2026-04-14,SKU-B,Storage box,4,sale
0007-2026-04-15-1,2026-04-15,0007,Notebook,8,sale
0007-2026-04-15-2,2026-04-15,0007,Notebook,8,sale
SKU-B-2026-04-15-1,2026-04-15,SKU-B,Storage box,3,sale
SKU-B-2026-04-15-2,2026-04-15,SKU-B,Storage box,4,sale
0007-2026-04-16-1,2026-04-16,0007,Notebook,5,sale
0007-2026-04-16-2,2026-04-16,0007,Notebook,5,sale
SKU-B-2026-04-16-1,2026-04-16,SKU-B,Storage box,2,sale
SKU-B-2026-04-16-2,2026-04-16,SKU-B,Storage box,3,sale
SKU-C-2026-04-16-1,2026-04-16,SKU-C,Desk tray,1,sale
SKU-C-2026-04-16-2,2026-04-16,SKU-C,Desk tray,2,sale
0007-2026-04-17-1,2026-04-17,0007,Notebook,5,sale
0007-2026-04-17-2,2026-04-17,0007,Notebook,6,sale
SKU-B-2026-04-17-1,2026-04-17,SKU-B,Storage box,2,sale
SKU-B-2026-04-17-2,2026-04-17,SKU-B,Storage box,3,sale
0007-2026-04-18-1,2026-04-18,0007,Notebook,6,sale
0007-2026-04-18-2,2026-04-18,0007,Notebook,6,sale
SKU-B-2026-04-18-1,2026-04-18,SKU-B,Storage box,2,sale
SKU-B-2026-04-18-2,2026-04-18,SKU-B,Storage box,3,sale
0007-2026-04-19-1,2026-04-19,0007,Notebook,6,sale
0007-2026-04-19-2,2026-04-19,0007,Notebook,7,sale
SKU-B-2026-04-19-1,2026-04-19,SKU-B,Storage box,2,sale
SKU-B-2026-04-19-2,2026-04-19,SKU-B,Storage box,3,sale
0007-2026-04-20-1,2026-04-20,0007,Notebook,7,sale
0007-2026-04-20-2,2026-04-20,0007,Notebook,7,sale
SKU-B-2026-04-20-1,2026-04-20,SKU-B,Storage box,2,sale
SKU-B-2026-04-20-2,2026-04-20,SKU-B,Storage box,3,sale
0007-2026-04-21-1,2026-04-21,0007,Notebook,7,sale
0007-2026-04-21-2,2026-04-21,0007,Notebook,8,sale
SKU-B-2026-04-21-1,2026-04-21,SKU-B,Storage box,3,sale
SKU-B-2026-04-21-2,2026-04-21,SKU-B,Storage box,4,sale
0007-2026-04-22-1,2026-04-22,0007,Notebook,8,sale
0007-2026-04-22-2,2026-04-22,0007,Notebook,8,sale
SKU-B-2026-04-22-1,2026-04-22,SKU-B,Storage box,3,sale
SKU-B-2026-04-22-2,2026-04-22,SKU-B,Storage box,4,sale
0007-2026-04-23-1,2026-04-23,0007,Notebook,5,sale
0007-2026-04-23-2,2026-04-23,0007,Notebook,5,sale
SKU-B-2026-04-23-1,2026-04-23,SKU-B,Storage box,2,sale
SKU-B-2026-04-23-2,2026-04-23,SKU-B,Storage box,3,sale
SKU-C-2026-04-23-1,2026-04-23,SKU-C,Desk tray,1,sale
SKU-C-2026-04-23-2,2026-04-23,SKU-C,Desk tray,2,sale
0007-2026-04-24-1,2026-04-24,0007,Notebook,5,sale
0007-2026-04-24-2,2026-04-24,0007,Notebook,6,sale
SKU-B-2026-04-24-1,2026-04-24,SKU-B,Storage box,2,sale
SKU-B-2026-04-24-2,2026-04-24,SKU-B,Storage box,3,sale
0007-2026-04-25-1,2026-04-25,0007,Notebook,6,sale
0007-2026-04-25-2,2026-04-25,0007,Notebook,6,sale
SKU-B-2026-04-25-1,2026-04-25,SKU-B,Storage box,2,sale
SKU-B-2026-04-25-2,2026-04-25,SKU-B,Storage box,3,sale
0007-2026-04-26-1,2026-04-26,0007,Notebook,6,sale
0007-2026-04-26-2,2026-04-26,0007,Notebook,7,sale
SKU-B-2026-04-26-1,2026-04-26,SKU-B,Storage box,2,sale
SKU-B-2026-04-26-2,2026-04-26,SKU-B,Storage box,3,sale
0007-2026-04-27-1,2026-04-27,0007,Notebook,7,sale
0007-2026-04-27-2,2026-04-27,0007,Notebook,7,sale
SKU-B-2026-04-27-1,2026-04-27,SKU-B,Storage box,2,sale
SKU-B-2026-04-27-2,2026-04-27,SKU-B,Storage box,3,sale
0007-2026-04-28-1,2026-04-28,0007,Notebook,7,sale
0007-2026-04-28-2,2026-04-28,0007,Notebook,8,sale
SKU-B-2026-04-28-1,2026-04-28,SKU-B,Storage box,3,sale
SKU-B-2026-04-28-2,2026-04-28,SKU-B,Storage box,4,sale
0007-2026-04-29-1,2026-04-29,0007,Notebook,8,sale
0007-2026-04-29-2,2026-04-29,0007,Notebook,8,sale
SKU-B-2026-04-29-1,2026-04-29,SKU-B,Storage box,3,sale
SKU-B-2026-04-29-2,2026-04-29,SKU-B,Storage box,4,sale
0007-2026-04-30-1,2026-04-30,0007,Notebook,5,sale
0007-2026-04-30-2,2026-04-30,0007,Notebook,5,sale
SKU-B-2026-04-30-1,2026-04-30,SKU-B,Storage box,2,sale
SKU-B-2026-04-30-2,2026-04-30,SKU-B,Storage box,3,sale
SKU-C-2026-04-30-1,2026-04-30,SKU-C,Desk tray,1,sale
SKU-C-2026-04-30-2,2026-04-30,SKU-C,Desk tray,2,sale
0007-2026-05-01-1,2026-05-01,0007,Notebook,5,sale
0007-2026-05-01-2,2026-05-01,0007,Notebook,6,sale
SKU-B-2026-05-01-1,2026-05-01,SKU-B,Storage box,2,sale
SKU-B-2026-05-01-2,2026-05-01,SKU-B,Storage box,3,sale
0007-2026-05-02-1,2026-05-02,0007,Notebook,6,sale
0007-2026-05-02-2,2026-05-02,0007,Notebook,6,sale
SKU-B-2026-05-02-1,2026-05-02,SKU-B,Storage box,2,sale
SKU-B-2026-05-02-2,2026-05-02,SKU-B,Storage box,3,sale
0007-2026-05-03-1,2026-05-03,0007,Notebook,6,sale
0007-2026-05-03-2,2026-05-03,0007,Notebook,7,sale
SKU-B-2026-05-03-1,2026-05-03,SKU-B,Storage box,2,sale
SKU-B-2026-05-03-2,2026-05-03,SKU-B,Storage box,3,sale
0007-2026-05-04-1,2026-05-04,0007,Notebook,7,sale
0007-2026-05-04-2,2026-05-04,0007,Notebook,7,sale
SKU-B-2026-05-04-1,2026-05-04,SKU-B,Storage box,2,sale
SKU-B-2026-05-04-2,2026-05-04,SKU-B,Storage box,3,sale
0007-2026-05-05-1,2026-05-05,0007,Notebook,7,sale
0007-2026-05-05-2,2026-05-05,0007,Notebook,8,sale
SKU-B-2026-05-05-1,2026-05-05,SKU-B,Storage box,3,sale
SKU-B-2026-05-05-2,2026-05-05,SKU-B,Storage box,4,sale
0007-2026-05-06-1,2026-05-06,0007,Notebook,8,sale
0007-2026-05-06-2,2026-05-06,0007,Notebook,8,sale
SKU-B-2026-05-06-1,2026-05-06,SKU-B,Storage box,3,sale
SKU-B-2026-05-06-2,2026-05-06,SKU-B,Storage box,4,sale
0007-2026-05-07-1,2026-05-07,0007,Notebook,5,sale
0007-2026-05-07-2,2026-05-07,0007,Notebook,5,sale
SKU-B-2026-05-07-1,2026-05-07,SKU-B,Storage box,2,sale
SKU-B-2026-05-07-2,2026-05-07,SKU-B,Storage box,3,sale
SKU-C-2026-05-07-1,2026-05-07,SKU-C,Desk tray,1,sale
SKU-C-2026-05-07-2,2026-05-07,SKU-C,Desk tray,2,sale
0007-2026-05-08-1,2026-05-08,0007,Notebook,5,sale
0007-2026-05-08-2,2026-05-08,0007,Notebook,6,sale
SKU-B-2026-05-08-1,2026-05-08,SKU-B,Storage box,2,sale
SKU-B-2026-05-08-2,2026-05-08,SKU-B,Storage box,3,sale
0007-2026-05-09-1,2026-05-09,0007,Notebook,6,sale
0007-2026-05-09-2,2026-05-09,0007,Notebook,6,sale
SKU-B-2026-05-09-1,2026-05-09,SKU-B,Storage box,2,sale
SKU-B-2026-05-09-2,2026-05-09,SKU-B,Storage box,3,sale
0007-2026-05-10-1,2026-05-10,0007,Notebook,6,sale
0007-2026-05-10-2,2026-05-10,0007,Notebook,7,sale
SKU-B-2026-05-10-1,2026-05-10,SKU-B,Storage box,2,sale
SKU-B-2026-05-10-2,2026-05-10,SKU-B,Storage box,3,sale
0007-2026-05-11-1,2026-05-11,0007,Notebook,7,sale
0007-2026-05-11-2,2026-05-11,0007,Notebook,7,sale
SKU-B-2026-05-11-1,2026-05-11,SKU-B,Storage box,2,sale
SKU-B-2026-05-11-2,2026-05-11,SKU-B,Storage box,3,sale
0007-2026-05-12-1,2026-05-12,0007,Notebook,7,sale
0007-2026-05-12-2,2026-05-12,0007,Notebook,8,sale
SKU-B-2026-05-12-1,2026-05-12,SKU-B,Storage box,3,sale
SKU-B-2026-05-12-2,2026-05-12,SKU-B,Storage box,4,sale
0007-2026-05-13-1,2026-05-13,0007,Notebook,8,sale
0007-2026-05-13-2,2026-05-13,0007,Notebook,8,sale
SKU-B-2026-05-13-1,2026-05-13,SKU-B,Storage box,3,sale
SKU-B-2026-05-13-2,2026-05-13,SKU-B,Storage box,4,sale
0007-2026-05-14-1,2026-05-14,0007,Notebook,5,sale
0007-2026-05-14-2,2026-05-14,0007,Notebook,5,sale
SKU-B-2026-05-14-1,2026-05-14,SKU-B,Storage box,2,sale
SKU-B-2026-05-14-2,2026-05-14,SKU-B,Storage box,3,sale
SKU-C-2026-05-14-1,2026-05-14,SKU-C,Desk tray,1,sale
SKU-C-2026-05-14-2,2026-05-14,SKU-C,Desk tray,2,sale
0007-2026-05-15-1,2026-05-15,0007,Notebook,5,sale
0007-2026-05-15-2,2026-05-15,0007,Notebook,6,sale
SKU-B-2026-05-15-1,2026-05-15,SKU-B,Storage box,2,sale
SKU-B-2026-05-15-2,2026-05-15,SKU-B,Storage box,3,sale
0007-2026-05-16-1,2026-05-16,0007,Notebook,6,sale
0007-2026-05-16-2,2026-05-16,0007,Notebook,6,sale
SKU-B-2026-05-16-1,2026-05-16,SKU-B,Storage box,2,sale
SKU-B-2026-05-16-2,2026-05-16,SKU-B,Storage box,3,sale
0007-2026-05-17-1,2026-05-17,0007,Notebook,6,sale
0007-2026-05-17-2,2026-05-17,0007,Notebook,7,sale
SKU-B-2026-05-17-1,2026-05-17,SKU-B,Storage box,2,sale
SKU-B-2026-05-17-2,2026-05-17,SKU-B,Storage box,3,sale
0007-2026-05-18-1,2026-05-18,0007,Notebook,7,sale
0007-2026-05-18-2,2026-05-18,0007,Notebook,7,sale
SKU-B-2026-05-18-1,2026-05-18,SKU-B,Storage box,2,sale
SKU-B-2026-05-18-2,2026-05-18,SKU-B,Storage box,3,sale
0007-2026-05-19-1,2026-05-19,0007,Notebook,7,sale
0007-2026-05-19-2,2026-05-19,0007,Notebook,8,sale
SKU-B-2026-05-19-1,2026-05-19,SKU-B,Storage box,3,sale
SKU-B-2026-05-19-2,2026-05-19,SKU-B,Storage box,4,sale
0007-2026-05-20-1,2026-05-20,0007,Notebook,8,sale
0007-2026-05-20-2,2026-05-20,0007,Notebook,8,sale
SKU-B-2026-05-20-1,2026-05-20,SKU-B,Storage box,3,sale
SKU-B-2026-05-20-2,2026-05-20,SKU-B,Storage box,4,sale
0007-2026-05-21-1,2026-05-21,0007,Notebook,5,sale
0007-2026-05-21-2,2026-05-21,0007,Notebook,5,sale
SKU-B-2026-05-21-1,2026-05-21,SKU-B,Storage box,2,sale
SKU-B-2026-05-21-2,2026-05-21,SKU-B,Storage box,3,sale
SKU-C-2026-05-21-1,2026-05-21,SKU-C,Desk tray,1,sale
SKU-C-2026-05-21-2,2026-05-21,SKU-C,Desk tray,2,sale
0007-2026-05-22-1,2026-05-22,0007,Notebook,5,sale
0007-2026-05-22-2,2026-05-22,0007,Notebook,6,sale
SKU-B-2026-05-22-1,2026-05-22,SKU-B,Storage box,2,sale
SKU-B-2026-05-22-2,2026-05-22,SKU-B,Storage box,3,sale
0007-2026-05-23-1,2026-05-23,0007,Notebook,6,sale
0007-2026-05-23-2,2026-05-23,0007,Notebook,6,sale
SKU-B-2026-05-23-1,2026-05-23,SKU-B,Storage box,2,sale
SKU-B-2026-05-23-2,2026-05-23,SKU-B,Storage box,3,sale
0007-2026-05-24-1,2026-05-24,0007,Notebook,6,sale
0007-2026-05-24-2,2026-05-24,0007,Notebook,7,sale
SKU-B-2026-05-24-1,2026-05-24,SKU-B,Storage box,2,sale
SKU-B-2026-05-24-2,2026-05-24,SKU-B,Storage box,3,sale
0007-2026-05-25-1,2026-05-25,0007,Notebook,7,sale
0007-2026-05-25-2,2026-05-25,0007,Notebook,7,sale
SKU-B-2026-05-25-1,2026-05-25,SKU-B,Storage box,2,sale
SKU-B-2026-05-25-2,2026-05-25,SKU-B,Storage box,3,sale
0007-2026-05-26-1,2026-05-26,0007,Notebook,7,sale
0007-2026-05-26-2,2026-05-26,0007,Notebook,8,sale
SKU-B-2026-05-26-1,2026-05-26,SKU-B,Storage box,3,sale
SKU-B-2026-05-26-2,2026-05-26,SKU-B,Storage box,4,sale
0007-2026-05-27-1,2026-05-27,0007,Notebook,8,sale
0007-2026-05-27-2,2026-05-27,0007,Notebook,8,sale
SKU-B-2026-05-27-1,2026-05-27,SKU-B,Storage box,3,sale
SKU-B-2026-05-27-2,2026-05-27,SKU-B,Storage box,4,sale
0007-2026-05-28-1,2026-05-28,0007,Notebook,5,sale
0007-2026-05-28-2,2026-05-28,0007,Notebook,5,sale
SKU-B-2026-05-28-1,2026-05-28,SKU-B,Storage box,2,sale
SKU-B-2026-05-28-2,2026-05-28,SKU-B,Storage box,3,sale
SKU-C-2026-05-28-1,2026-05-28,SKU-C,Desk tray,1,sale
SKU-C-2026-05-28-2,2026-05-28,SKU-C,Desk tray,2,sale
0007-2026-05-29-1,2026-05-29,0007,Notebook,5,sale
0007-2026-05-29-2,2026-05-29,0007,Notebook,6,sale
SKU-B-2026-05-29-1,2026-05-29,SKU-B,Storage box,2,sale
SKU-B-2026-05-29-2,2026-05-29,SKU-B,Storage box,3,sale
0007-2026-05-30-1,2026-05-30,0007,Notebook,6,sale
0007-2026-05-30-2,2026-05-30,0007,Notebook,6,sale
SKU-B-2026-05-30-1,2026-05-30,SKU-B,Storage box,2,sale
SKU-B-2026-05-30-2,2026-05-30,SKU-B,Storage box,3,sale
0007-2026-05-31-1,2026-05-31,0007,Notebook,6,sale
0007-2026-05-31-2,2026-05-31,0007,Notebook,7,sale
SKU-B-2026-05-31-1,2026-05-31,SKU-B,Storage box,2,sale
SKU-B-2026-05-31-2,2026-05-31,SKU-B,Storage box,3,sale
0007-2026-06-01-1,2026-06-01,0007,Notebook,7,sale
0007-2026-06-01-2,2026-06-01,0007,Notebook,7,sale
SKU-B-2026-06-01-1,2026-06-01,SKU-B,Storage box,2,sale
SKU-B-2026-06-01-2,2026-06-01,SKU-B,Storage box,3,sale
0007-2026-06-02-1,2026-06-02,0007,Notebook,7,sale
0007-2026-06-02-2,2026-06-02,0007,Notebook,8,sale
SKU-B-2026-06-02-1,2026-06-02,SKU-B,Storage box,3,sale
SKU-B-2026-06-02-2,2026-06-02,SKU-B,Storage box,4,sale
0007-2026-06-03-1,2026-06-03,0007,Notebook,8,sale
0007-2026-06-03-2,2026-06-03,0007,Notebook,8,sale
SKU-B-2026-06-03-1,2026-06-03,SKU-B,Storage box,3,sale
SKU-B-2026-06-03-2,2026-06-03,SKU-B,Storage box,4,sale
0007-2026-06-04-1,2026-06-04,0007,Notebook,5,sale
0007-2026-06-04-2,2026-06-04,0007,Notebook,5,sale
SKU-B-2026-06-04-1,2026-06-04,SKU-B,Storage box,2,sale
SKU-B-2026-06-04-2,2026-06-04,SKU-B,Storage box,3,sale
SKU-C-2026-06-04-1,2026-06-04,SKU-C,Desk tray,1,sale
SKU-C-2026-06-04-2,2026-06-04,SKU-C,Desk tray,2,sale
0007-2026-06-05-1,2026-06-05,0007,Notebook,5,sale
0007-2026-06-05-2,2026-06-05,0007,Notebook,6,sale
SKU-B-2026-06-05-1,2026-06-05,SKU-B,Storage box,2,sale
SKU-B-2026-06-05-2,2026-06-05,SKU-B,Storage box,3,sale
0007-2026-06-06-1,2026-06-06,0007,Notebook,6,sale
0007-2026-06-06-2,2026-06-06,0007,Notebook,6,sale
SKU-B-2026-06-06-1,2026-06-06,SKU-B,Storage box,2,sale
SKU-B-2026-06-06-2,2026-06-06,SKU-B,Storage box,3,sale
0007-2026-06-07-1,2026-06-07,0007,Notebook,6,sale
0007-2026-06-07-2,2026-06-07,0007,Notebook,7,sale
SKU-B-2026-06-07-1,2026-06-07,SKU-B,Storage box,2,sale
SKU-B-2026-06-07-2,2026-06-07,SKU-B,Storage box,3,sale
0007-2026-06-08-1,2026-06-08,0007,Notebook,7,sale
0007-2026-06-08-2,2026-06-08,0007,Notebook,7,sale
SKU-B-2026-06-08-1,2026-06-08,SKU-B,Storage box,2,sale
SKU-B-2026-06-08-2,2026-06-08,SKU-B,Storage box,3,sale
0007-2026-06-09-1,2026-06-09,0007,Notebook,7,sale
0007-2026-06-09-2,2026-06-09,0007,Notebook,8,sale
SKU-B-2026-06-09-1,2026-06-09,SKU-B,Storage box,3,sale
SKU-B-2026-06-09-2,2026-06-09,SKU-B,Storage box,4,sale
0007-2026-06-10-1,2026-06-10,0007,Notebook,8,sale
0007-2026-06-10-2,2026-06-10,0007,Notebook,8,sale
SKU-B-2026-06-10-1,2026-06-10,SKU-B,Storage box,3,sale
SKU-B-2026-06-10-2,2026-06-10,SKU-B,Storage box,4,sale
0007-2026-06-11-1,2026-06-11,0007,Notebook,5,sale
0007-2026-06-11-2,2026-06-11,0007,Notebook,5,sale
SKU-B-2026-06-11-1,2026-06-11,SKU-B,Storage box,2,sale
SKU-B-2026-06-11-2,2026-06-11,SKU-B,Storage box,3,sale
SKU-C-2026-06-11-1,2026-06-11,SKU-C,Desk tray,1,sale
SKU-C-2026-06-11-2,2026-06-11,SKU-C,Desk tray,2,sale
0007-2026-06-12-1,2026-06-12,0007,Notebook,5,sale
0007-2026-06-12-2,2026-06-12,0007,Notebook,6,sale
SKU-B-2026-06-12-1,2026-06-12,SKU-B,Storage box,2,sale
SKU-B-2026-06-12-2,2026-06-12,SKU-B,Storage box,3,sale
0007-2026-06-13-1,2026-06-13,0007,Notebook,6,sale
0007-2026-06-13-2,2026-06-13,0007,Notebook,6,sale
SKU-B-2026-06-13-1,2026-06-13,SKU-B,Storage box,2,sale
SKU-B-2026-06-13-2,2026-06-13,SKU-B,Storage box,3,sale
0007-2026-06-14-1,2026-06-14,0007,Notebook,6,sale
0007-2026-06-14-2,2026-06-14,0007,Notebook,7,sale
SKU-B-2026-06-14-1,2026-06-14,SKU-B,Storage box,2,sale
SKU-B-2026-06-14-2,2026-06-14,SKU-B,Storage box,3,sale
0007-2026-06-15-1,2026-06-15,0007,Notebook,7,sale
0007-2026-06-15-2,2026-06-15,0007,Notebook,7,sale
SKU-B-2026-06-15-1,2026-06-15,SKU-B,Storage box,2,sale
SKU-B-2026-06-15-2,2026-06-15,SKU-B,Storage box,3,sale
0007-2026-06-16-1,2026-06-16,0007,Notebook,7,sale
0007-2026-06-16-2,2026-06-16,0007,Notebook,8,sale
SKU-B-2026-06-16-1,2026-06-16,SKU-B,Storage box,3,sale
SKU-B-2026-06-16-2,2026-06-16,SKU-B,Storage box,4,sale
0007-2026-06-17-1,2026-06-17,0007,Notebook,8,sale
0007-2026-06-17-2,2026-06-17,0007,Notebook,8,sale
SKU-B-2026-06-17-1,2026-06-17,SKU-B,Storage box,3,sale
SKU-B-2026-06-17-2,2026-06-17,SKU-B,Storage box,4,sale
0007-2026-06-18-1,2026-06-18,0007,Notebook,5,sale
0007-2026-06-18-2,2026-06-18,0007,Notebook,5,sale
SKU-B-2026-06-18-1,2026-06-18,SKU-B,Storage box,2,sale
SKU-B-2026-06-18-2,2026-06-18,SKU-B,Storage box,3,sale
SKU-C-2026-06-18-1,2026-06-18,SKU-C,Desk tray,1,sale
SKU-C-2026-06-18-2,2026-06-18,SKU-C,Desk tray,2,sale
0007-2026-06-19-1,2026-06-19,0007,Notebook,5,sale
0007-2026-06-19-2,2026-06-19,0007,Notebook,6,sale
SKU-B-2026-06-19-1,2026-06-19,SKU-B,Storage box,2,sale
SKU-B-2026-06-19-2,2026-06-19,SKU-B,Storage box,3,sale
0007-2026-06-20-1,2026-06-20,0007,Notebook,6,sale
0007-2026-06-20-2,2026-06-20,0007,Notebook,6,sale
SKU-B-2026-06-20-1,2026-06-20,SKU-B,Storage box,2,sale
SKU-B-2026-06-20-2,2026-06-20,SKU-B,Storage box,3,sale
0007-2026-06-21-1,2026-06-21,0007,Notebook,6,sale
0007-2026-06-21-2,2026-06-21,0007,Notebook,7,sale
SKU-B-2026-06-21-1,2026-06-21,SKU-B,Storage box,2,sale
SKU-B-2026-06-21-2,2026-06-21,SKU-B,Storage box,3,sale
0007-2026-06-22-1,2026-06-22,0007,Notebook,7,sale
0007-2026-06-22-2,2026-06-22,0007,Notebook,7,sale
SKU-B-2026-06-22-1,2026-06-22,SKU-B,Storage box,2,sale
SKU-B-2026-06-22-2,2026-06-22,SKU-B,Storage box,3,sale
0007-2026-06-23-1,2026-06-23,0007,Notebook,7,sale
0007-2026-06-23-2,2026-06-23,0007,Notebook,8,sale
SKU-B-2026-06-23-1,2026-06-23,SKU-B,Storage box,3,sale
SKU-B-2026-06-23-2,2026-06-23,SKU-B,Storage box,4,sale
0007-2026-06-24-1,2026-06-24,0007,Notebook,8,sale
0007-2026-06-24-2,2026-06-24,0007,Notebook,8,sale
SKU-B-2026-06-24-1,2026-06-24,SKU-B,Storage box,3,sale
SKU-B-2026-06-24-2,2026-06-24,SKU-B,Storage box,4,sale
0007-2026-06-25-1,2026-06-25,0007,Notebook,5,sale
0007-2026-06-25-2,2026-06-25,0007,Notebook,5,sale
SKU-B-2026-06-25-1,2026-06-25,SKU-B,Storage box,2,sale
SKU-B-2026-06-25-2,2026-06-25,SKU-B,Storage box,3,sale
SKU-C-2026-06-25-1,2026-06-25,SKU-C,Desk tray,1,sale
SKU-C-2026-06-25-2,2026-06-25,SKU-C,Desk tray,2,sale
0007-2026-06-26-1,2026-06-26,0007,Notebook,5,sale
0007-2026-06-26-2,2026-06-26,0007,Notebook,6,sale
SKU-B-2026-06-26-1,2026-06-26,SKU-B,Storage box,2,sale
SKU-B-2026-06-26-2,2026-06-26,SKU-B,Storage box,3,sale
0007-2026-06-27-1,2026-06-27,0007,Notebook,6,sale
0007-2026-06-27-2,2026-06-27,0007,Notebook,6,sale
SKU-B-2026-06-27-1,2026-06-27,SKU-B,Storage box,2,sale
SKU-B-2026-06-27-2,2026-06-27,SKU-B,Storage box,3,sale
0007-2026-06-28-1,2026-06-28,0007,Notebook,6,sale
0007-2026-06-28-2,2026-06-28,0007,Notebook,7,sale
SKU-B-2026-06-28-1,2026-06-28,SKU-B,Storage box,2,sale
SKU-B-2026-06-28-2,2026-06-28,SKU-B,Storage box,3,sale
0007-2026-06-29-1,2026-06-29,0007,Notebook,7,sale
0007-2026-06-29-2,2026-06-29,0007,Notebook,7,sale
SKU-B-2026-06-29-1,2026-06-29,SKU-B,Storage box,2,sale
SKU-B-2026-06-29-2,2026-06-29,SKU-B,Storage box,3,sale
0007-2026-06-30-1,2026-06-30,0007,Notebook,7,sale
0007-2026-06-30-2,2026-06-30,0007,Notebook,8,sale
SKU-B-2026-06-30-1,2026-06-30,SKU-B,Storage box,3,sale
SKU-B-2026-06-30-2,2026-06-30,SKU-B,Storage box,4,sale
0007-2026-07-01-1,2026-07-01,0007,Notebook,8,sale
0007-2026-07-01-2,2026-07-01,0007,Notebook,8,sale
SKU-B-2026-07-01-1,2026-07-01,SKU-B,Storage box,3,sale
SKU-B-2026-07-01-2,2026-07-01,SKU-B,Storage box,4,sale
0007-2026-07-02-1,2026-07-02,0007,Notebook,5,sale
0007-2026-07-02-2,2026-07-02,0007,Notebook,5,sale
SKU-B-2026-07-02-1,2026-07-02,SKU-B,Storage box,2,sale
SKU-B-2026-07-02-2,2026-07-02,SKU-B,Storage box,3,sale
SKU-C-2026-07-02-1,2026-07-02,SKU-C,Desk tray,1,sale
SKU-C-2026-07-02-2,2026-07-02,SKU-C,Desk tray,2,sale
0007-2026-07-03-1,2026-07-03,0007,Notebook,5,sale
0007-2026-07-03-2,2026-07-03,0007,Notebook,6,sale
SKU-B-2026-07-03-1,2026-07-03,SKU-B,Storage box,2,sale
SKU-B-2026-07-03-2,2026-07-03,SKU-B,Storage box,3,sale
0007-2026-07-04-1,2026-07-04,0007,Notebook,6,sale
0007-2026-07-04-2,2026-07-04,0007,Notebook,6,sale
SKU-B-2026-07-04-1,2026-07-04,SKU-B,Storage box,2,sale
SKU-B-2026-07-04-2,2026-07-04,SKU-B,Storage box,3,sale
0007-2026-07-05-1,2026-07-05,0007,Notebook,6,sale
0007-2026-07-05-2,2026-07-05,0007,Notebook,7,sale
SKU-B-2026-07-05-1,2026-07-05,SKU-B,Storage box,2,sale
SKU-B-2026-07-05-2,2026-07-05,SKU-B,Storage box,3,sale
0007-2026-07-06-1,2026-07-06,0007,Notebook,7,sale
0007-2026-07-06-2,2026-07-06,0007,Notebook,7,sale
SKU-B-2026-07-06-1,2026-07-06,SKU-B,Storage box,2,sale
SKU-B-2026-07-06-2,2026-07-06,SKU-B,Storage box,3,sale
0007-2026-07-07-1,2026-07-07,0007,Notebook,7,sale
0007-2026-07-07-2,2026-07-07,0007,Notebook,8,sale
SKU-B-2026-07-07-1,2026-07-07,SKU-B,Storage box,3,sale
SKU-B-2026-07-07-2,2026-07-07,SKU-B,Storage box,4,sale
0007-2026-07-08-1,2026-07-08,0007,Notebook,8,sale
0007-2026-07-08-2,2026-07-08,0007,Notebook,8,sale
SKU-B-2026-07-08-1,2026-07-08,SKU-B,Storage box,3,sale
SKU-B-2026-07-08-2,2026-07-08,SKU-B,Storage box,4,sale
0007-2026-07-09-1,2026-07-09,0007,Notebook,5,sale
0007-2026-07-09-2,2026-07-09,0007,Notebook,5,sale
SKU-B-2026-07-09-1,2026-07-09,SKU-B,Storage box,2,sale
SKU-B-2026-07-09-2,2026-07-09,SKU-B,Storage box,3,sale
SKU-C-2026-07-09-1,2026-07-09,SKU-C,Desk tray,1,sale
SKU-C-2026-07-09-2,2026-07-09,SKU-C,Desk tray,2,sale
0007-2026-07-10-1,2026-07-10,0007,Notebook,5,sale
0007-2026-07-10-2,2026-07-10,0007,Notebook,6,sale
SKU-B-2026-07-10-1,2026-07-10,SKU-B,Storage box,2,sale
SKU-B-2026-07-10-2,2026-07-10,SKU-B,Storage box,3,sale
0007-2026-07-11-1,2026-07-11,0007,Notebook,6,sale
0007-2026-07-11-2,2026-07-11,0007,Notebook,6,sale
SKU-B-2026-07-11-1,2026-07-11,SKU-B,Storage box,2,sale
SKU-B-2026-07-11-2,2026-07-11,SKU-B,Storage box,3,sale
0007-2026-07-12-1,2026-07-12,0007,Notebook,6,sale
0007-2026-07-12-2,2026-07-12,0007,Notebook,7,sale
SKU-B-2026-07-12-1,2026-07-12,SKU-B,Storage box,2,sale
SKU-B-2026-07-12-2,2026-07-12,SKU-B,Storage box,3,sale
0007-2026-07-13-1,2026-07-13,0007,Notebook,7,sale
0007-2026-07-13-2,2026-07-13,0007,Notebook,7,sale
SKU-B-2026-07-13-1,2026-07-13,SKU-B,Storage box,2,sale
SKU-B-2026-07-13-2,2026-07-13,SKU-B,Storage box,3,sale
0007-2026-07-14-1,2026-07-14,0007,Notebook,7,sale
0007-2026-07-14-2,2026-07-14,0007,Notebook,8,sale
SKU-B-2026-07-14-1,2026-07-14,SKU-B,Storage box,3,sale
SKU-B-2026-07-14-2,2026-07-14,SKU-B,Storage box,4,sale
0007-2026-07-15-1,2026-07-15,0007,Notebook,8,sale
0007-2026-07-15-2,2026-07-15,0007,Notebook,8,sale
SKU-B-2026-07-15-1,2026-07-15,SKU-B,Storage box,3,sale
SKU-B-2026-07-15-2,2026-07-15,SKU-B,Storage box,4,sale
