"product_id","product_name","date","predicted_sales_units","method","history_status"
"0007","Notebook","2026-07-16","10","seasonal_naive","ready"
"0007","Notebook","2026-07-17","11","seasonal_naive","ready"
"0007","Notebook","2026-07-18","12","seasonal_naive","ready"
"0007","Notebook","2026-07-19","13","seasonal_naive","ready"
"0007","Notebook","2026-07-20","14","seasonal_naive","ready"
"0007","Notebook","2026-07-21","15","seasonal_naive","ready"
"0007","Notebook","2026-07-22","16","seasonal_naive","ready"
"0007","Notebook","2026-07-23","10","seasonal_naive","ready"
"0007","Notebook","2026-07-24","11","seasonal_naive","ready"
"0007","Notebook","2026-07-25","12","seasonal_naive","ready"
"0007","Notebook","2026-07-26","13","seasonal_naive","ready"
"0007","Notebook","2026-07-27","14","seasonal_naive","ready"
"0007","Notebook","2026-07-28","15","seasonal_naive","ready"
"0007","Notebook","2026-07-29","16","seasonal_naive","ready"
"0007","Notebook","2026-07-30","10","seasonal_naive","ready"
"0007","Notebook","2026-07-31","11","seasonal_naive","ready"
"0007","Notebook","2026-08-01","12","seasonal_naive","ready"
"0007","Notebook","2026-08-02","13","seasonal_naive","ready"
"0007","Notebook","2026-08-03","14","seasonal_naive","ready"
"0007","Notebook","2026-08-04","15","seasonal_naive","ready"
"0007","Notebook","2026-08-05","16","seasonal_naive","ready"
"0007","Notebook","2026-08-06","10","seasonal_naive","ready"
"0007","Notebook","2026-08-07","11","seasonal_naive","ready"
"0007","Notebook","2026-08-08","12","seasonal_naive","ready"
"0007","Notebook","2026-08-09","13","seasonal_naive","ready"
"0007","Notebook","2026-08-10","14","seasonal_naive","ready"
"0007","Notebook","2026-08-11","15","seasonal_naive","ready"
"0007","Notebook","2026-08-12","16","seasonal_naive","ready"
"SKU-B","Storage box","2026-07-16","5","seasonal_naive","ready"
"SKU-B","Storage box","2026-07-17","5","seasonal_naive","ready"
"SKU-B","Storage box","2026-07-18","5","seasonal_naive","ready"
"SKU-B","Storage box","2026-07-19","5","seasonal_naive","ready"
"SKU-B","Storage box","2026-07-20","5","seasonal_naive","ready"
"SKU-B","Storage box","2026-07-21","7","seasonal_naive","ready"
"SKU-B","Storage box","2026-07-22","7","seasonal_naive","ready"
"SKU-B","Storage box","2026-07-23","5","seasonal_naive","ready"
"SKU-B","Storage box","2026-07-24","5","seasonal_naive","ready"
"SKU-B","Storage box","2026-07-25","5","seasonal_naive","ready"
"SKU-B","Storage box","2026-07-26","5","seasonal_naive","ready"
"SKU-B","Storage box","2026-07-27","5","seasonal_naive","ready"
"SKU-B","Storage box","2026-07-28","7","seasonal_naive","ready"
"SKU-B","Storage box","2026-07-29","7","seasonal_naive","ready"
"SKU-B","Storage box","2026-07-30","5","seasonal_naive","ready"
"SKU-B","Storage box","2026-07-31","5","seasonal_naive","ready"
"SKU-B","Storage box","2026-08-01","5","seasonal_naive","ready"
"SKU-B","Storage box","2026-08-02","5","seasonal_naive","ready"
"SKU-B","Storage box","2026-08-03","5","seasonal_naive","ready"
"SKU-B","Storage box","2026-08-04","7","seasonal_naive","ready"
"SKU-B","Storage box","2026-08-05","7","seasonal_naive","ready"
"SKU-B","Storage box","2026-08-06","5","seasonal_naive","ready"
"SKU-B","Storage box","2026-08-07","5","seasonal_naive","ready"
"SKU-B","Storage box","2026-08-08","5","seasonal_naive","ready"
"SKU-B","Storage box","2026-08-09","5","seasonal_naive","ready"
"SKU-B","Storage box","2026-08-10","5","seasonal_naive","ready"
"SKU-B","Storage box","2026-08-11","7","seasonal_naive","ready"
"SKU-B","Storage box","2026-08-12","7","seasonal_naive","ready"
"SKU-C","Desk tray","2026-07-16","3","seasonal_naive","ready"
"SKU-C","Desk tray","2026-07-17","0","seasonal_naive","ready"
"SKU-C","Desk tray","2026-07-18","0","seasonal_naive","ready"
"SKU-C","Desk tray","2026-07-19","0","seasonal_naive","ready"
"SKU-C","Desk tray","2026-07-20","0","seasonal_naive","ready"
"SKU-C","Desk tray","2026-07-21","0","seasonal_naive","ready"
"SKU-C","Desk tray","2026-07-22","0","seasonal_naive","ready"
"SKU-C","Desk tray","2026-07-23","3","seasonal_naive","ready"
"SKU-C","Desk tray","2026-07-24","0","seasonal_naive","ready"
"SKU-C","Desk tray","2026-07-25","0","seasonal_naive","ready"
"SKU-C","Desk tray","2026-07-26","0","seasonal_naive","ready"
"SKU-C","Desk tray","2026-07-27","0","seasonal_naive","ready"
"SKU-C","Desk tray","2026-07-28","0","seasonal_naive","ready"
"SKU-C","Desk tray","2026-07-29","0","seasonal_naive","ready"
"SKU-C","Desk tray","2026-07-30","3","seasonal_naive","ready"
"SKU-C","Desk tray","2026-07-31","0","seasonal_naive","ready"
"SKU-C","Desk tray","2026-08-01","0","seasonal_naive","ready"
"SKU-C","Desk tray","2026-08-02","0","seasonal_naive","ready"
"SKU-C","Desk tray","2026-08-03","0","seasonal_naive","ready"
"SKU-C","Desk tray","2026-08-04","0","seasonal_naive","ready"
"SKU-C","Desk tray","2026-08-05","0","seasonal_naive","ready"
"SKU-C","Desk tray","2026-08-06","3","seasonal_naive","ready"
"SKU-C","Desk tray","2026-08-07","0","seasonal_naive","ready"
"SKU-C","Desk tray","2026-08-08","0","seasonal_naive","ready"
"SKU-C","Desk tray","2026-08-09","0","seasonal_naive","ready"
"SKU-C","Desk tray","2026-08-10","0","seasonal_naive","ready"
"SKU-C","Desk tray","2026-08-11","0","seasonal_naive","ready"
"SKU-C","Desk tray","2026-08-12","0","seasonal_naive","ready"