id,implementation_phase,scenario,fixture_or_evidence,expected_behavior,application_test_status,current_evidence
I01,4,Equivalent layouts,01/02/03,Same 588 daily keys and 3724 gross units after confirmed coverage; provenance may differ.,VERIFIED — scoped local evidence,test_supported_layouts_equal
I02,4,Leading-zero product ID,01,0007 remains a text ID and does not merge with 7.,VERIFIED — scoped local evidence,test_supported_layouts_equal; test_bulk_inventory_exact_ids_and_incoming_conflicts
I03,4,Ambiguous dates,04,Pause and preview selected interpretation; no location-based guess.,VERIFIED — scoped local evidence,test_ambiguous_dates_require_format; browser date interpretation preview
I04,4,Missing dates,05,Preserve unknown; require coverage clarification or explicit segment selection.,VERIFIED — scoped local evidence,test_missing_never_implicitly_zero
I05,4,Observed zero,06,Retain zero as observed; no missing-data warning for that date.,VERIFIED — scoped local evidence,test_missing_never_implicitly_zero
I06,4,Conflicting daily total,07,Do not add 10 and 12; report daily-key conflict.,VERIFIED — scoped local evidence,test_bad_data_cannot_silently_produce_all_forecasts
I07,4,Returns and cancellations,08,"Gross=10, returns=2, cancellation units=3; never forecast optional net=8.",VERIFIED — scoped local evidence,test_reconciliations_and_source_adapters
I08,4,Unclassified negative,09,Ask source meaning; do not take absolute value.,VERIFIED — scoped local evidence,test_bad_data_cannot_silently_produce_all_forecasts
I09,4,Missing product,10,Affected row is unresolved; no blank-key product.,VERIFIED — scoped local evidence,test_missing_product_blocks_file
I10,4/5,Short history,11,Show history; withhold 28-day forecast under provisional floor.,VERIFIED — scoped local evidence,test_short_history_and_all_zero_withheld
I11,5,All-zero history,12,No observed-sales explanation; no 100% accuracy or confident reorder.,VERIFIED — scoped local evidence,test_short_history_and_all_zero_withheld
I12,4,Multiple stores,13,Ask store selection and reconcile omitted rows.,VERIFIED — scoped local evidence,test_multi_store_requires_selection; test_omitted_store_rows_blank_wide_and_net_only
I13,4,Repeated event ID,14,Confirm identical repeated-ID deduplication; resulting gross=5.,VERIFIED — scoped local evidence,test_event_dedup_and_conflict
I14,4,Conflicting event ID,15,Block conflict rather than arbitrary overwrite.,VERIFIED — scoped local evidence,test_event_dedup_and_conflict
I15,4,Equal-looking separate sales,16,"If confirmed event layout, keep both; gross=10.",VERIFIED — scoped local evidence,test_identical_rows_without_event_ids_are_retained
I16,4,Monthly totals,17,Request daily history; do not invent daily allocations.,VERIFIED — scoped local evidence,test_bad_data_cannot_silently_produce_all_forecasts
I17,4,Fractional units,18,Reject for unit-count product until corrected; no rounding.,VERIFIED — scoped local evidence,test_bad_data_cannot_silently_produce_all_forecasts
I18,4/5,Stockout censoring,19,Flag limitation; do not interpret unavailable day as zero demand.,VERIFIED — scoped local evidence,test_bad_data_cannot_silently_produce_all_forecasts
I19,4,Blank wide cell,25,Unpivot as unknown; not zero.,VERIFIED — scoped local evidence,test_omitted_store_rows_blank_wide_and_net_only
I20,4,Duplicate headers,26,Require correction; parser may not silently discard one column.,VERIFIED — scoped local evidence,test_duplicate_header_rejected
I21,4,Timestamp timezone,27,Group under confirmed store timezone; UTC example changes date in New York.,VERIFIED — scoped local evidence,test_csv_dialects_and_timezone
I22,4,Net-only quantity,28,Request gross sales/separate returns; no reconstruction without evidence.,VERIFIED — scoped local evidence,test_omitted_store_rows_blank_wide_and_net_only; known net column refused even if manually mapped
I23,4,Exact renamed file,31,"Recognize same bytes inside current workspace, offer reuse or rerun.",VERIFIED — scoped local evidence,test_review_forecast_export_and_idempotency; browser duplicate notice
I24,4,Reordered file,32,Different byte hash but equivalent normalized keys; no blind append.,VERIFIED — scoped local evidence,test_comparison_order_independent_and_changed
I25,4,Updated overlapping file,33,Report changed daily key and replace/resolve explicitly; total changes by one.,VERIFIED — scoped local evidence,test_new_overlap_requires_confirmation
I26,4,Quoted values/BOM/delimiters,manual,Correctly parse documented dialects and preview; preserve quoted newlines as one record.,VERIFIED — scoped local evidence,test_csv_dialects_and_timezone
I27,4,Unsupported file/limit,manual,Clear template or limit message; no fake analysis start.,VERIFIED — scoped local evidence,test_csrf_and_request_limits
I28,4,Subtotal rows,manual,Do not treat TOTAL as a product; ask/exclude with recorded explanation.,VERIFIED — scoped local evidence,test_reconciliations_and_source_adapters
I29,4,Product rename,manual,Name change does not create a new SKU; conflicting variant meaning is flagged.,VERIFIED — scoped local evidence,test_reconciliations_and_source_adapters
F01,5,History thresholds,policy,"Check 55/56,83/84,167/168-day boundaries; quality never becomes accuracy.",VERIFIED — scoped local evidence,test_history_thresholds
F02,5,Temporal leakage,manual,All features and preprocessing use data at or before each cutoff.,VERIFIED — scoped local evidence,test_final_holdout_does_not_select_model; test_long_history_ranges_are_separate_from_selection_and_final_test
F03,5,Baseline wins,manual,Use baseline when better under declared selection metric.,VERIFIED — scoped local evidence,test_full_forecast_window_and_evaluation; min-MAE selection with baseline first on ties
F04,5,Independent test,manual,Final 28-day holdout untouched by candidate tuning.,VERIFIED — scoped local evidence,test_final_holdout_does_not_select_model; development-data caveat in README
F05,5,Zero denominator,manual,"Undefined WAPE/baseline improvement shown unavailable, not Infinity or invented zero.",VERIFIED — scoped local evidence,test_zero_actual_error_undefined
F06,5,Prediction ranges,manual,Report measured coverage and sample size; do not add daily interval endpoints into monthly intervals.,VERIFIED — scoped local evidence,test_long_history_ranges_are_separate_from_selection_and_final_test
F07,5,Partial product failure,manual,Successful products remain usable; totals explicitly show their included product set.,VERIFIED — scoped local evidence,test_bad_data_cannot_silently_produce_all_forecasts; UI eligible subset confirmation
F08,5,Stale or partial day,manual,No current advice from stale cutoff; exclude incomplete day or obtain explicit completeness evidence.,VERIFIED — scoped local evidence,test_received_supply_and_current_date_guard; incomplete-day rejection
N01,6,Inventory arithmetic,20/21,Synthetic example gives 96-unit suggestion and 5 units unmet before arrival.,VERIFIED — scoped local evidence,test_inventory_known_answer
N02,6,Stock date mismatch,22,Forecast remains available; inventory advice withheld.,VERIFIED — scoped local evidence,test_invalid_inventory_refused
N03,6,Protection beyond horizon,23,No extrapolation when lead+review+buffer exceeds 28.,VERIFIED — scoped local evidence,test_invalid_inventory_refused
N04,6,Incoming conflict,24,No repeated incoming line counted twice; conflict requires correction.,VERIFIED — scoped local evidence,test_bulk_inventory_exact_ids_and_incoming_conflicts
N05,6,Unknown product,29,No fuzzy automatic join for inventory.,VERIFIED — scoped local evidence,test_bulk_inventory_exact_ids_and_incoming_conflicts
N06,6,Same-day lead time,30,Explain unsupported intraday precision; withhold date-level order.,VERIFIED — scoped local evidence,test_invalid_inventory_refused
N07,6,No inventory,manual,Sales forecast and its download still work.,VERIFIED — scoped local evidence,browser forecast-before-inventory flow; CSV export test
N08,6,No order needed,manual,MOQ must not force order above zero need.,VERIFIED — scoped local evidence,test_no_need_means_zero_despite_moq
N09,6,Late incoming supply,manual,Prefix calculation prevents late receipt from hiding an earlier shortfall.,VERIFIED — scoped local evidence,test_late_receipt_cannot_hide_early_shortfall
N10,6,Scenario confirmation,manual,Preview cannot overwrite saved plan; Apply creates a scenario revision.,VERIFIED — scoped local evidence,test_server_applied_plan_revisions_and_computed_chat; browser preview/apply/refresh
N11,6,Received order,manual,Stock already includes receipt; incoming line is not counted again.,VERIFIED — scoped local evidence,test_received_supply_and_current_date_guard
A01,7,Correct numeric answer,manual,Use calculation result from current analysis and cite product/table.,VERIFIED — scoped local evidence,test_server_applied_plan_revisions_and_computed_chat; live UI answer 132 units
A02,7,Unavailable result,manual,Assistant says result not ready; does not invent forecast.,VERIFIED — scoped local evidence,test_ai_requires_consent_and_completed_context
A03,7,Unsupported causal question,manual,Do not claim why sales fell without evidence.,VERIFIED — scoped local evidence,Live UI causal question: assistant said promotions/weather were absent from evidence
A04,7,AI outage,manual,"Core workflow, standard explanations and downloads remain usable.",VERIFIED — scoped local evidence,test_ai_outage_core_survives_and_uses_bounded_evidence
A05,7,Instruction in CSV text,manual,Treat as data; no cross-workspace access or execution.,VERIFIED — scoped local evidence,ai-boundary-check.json live adversarial product-name example; no callable execution/external-access tools; not a comprehensive model guarantee
A06,7,Analysis switched,manual,Assistant context binds to new analysis; old answers remain labelled to their source.,VERIFIED — scoped local evidence,Live product-switch-during-response check; old answer remained in original product conversation
J01,3,Worker failure/retry,manual,Recoverable error and idempotent retry; no duplicate import.,VERIFIED — scoped local evidence,test_cancel_retry_and_restart_recovery
J02,3,Refresh/reconnect,manual,Resume unexpired job with access token; offline is not job failure.,VERIFIED — scoped local evidence,browser refresh restored 132-unit saved plan and two conversation entries
J03,3,Cancel,manual,Distinguish cancellation requested from stopped; no misleading animation.,VERIFIED — scoped local evidence,test_cancel_retry_and_restart_recovery; requested versus canceled states in UI
J04,3,Anonymous isolation,manual,Cannot retrieve another workspace using ID/hash or guessed URL.,VERIFIED — scoped local evidence,test_session_isolation_and_no_global_duplicate_oracle; test_support_files_cannot_cross_owner
J05,3,Quota/queue overload,manual,Clear limit/queued state; bounded compute and API spend.,VERIFIED — scoped local evidence,test_global_queue_and_ai_budget; configured upload/result bounds; container benchmark is not hosted concurrency qualification
J06,3/8,Expiry,manual,Expired job inaccessible; cleanup and UI follow recorded policy.,VERIFIED — scoped local evidence,test_expiry_revokes_access_and_cleanup
H01,8,History/save failure,manual,Show whether save succeeded; no silent quota failure.,VERIFIED — scoped local evidence,history.test.ts storage failure and oversize summary tests
H02,8,Result exports,manual,CSV values reconcile with displayed calculations and included products.,VERIFIED — scoped local evidence,data.test.ts forecast CSV reconciliation; evidence/download-verification.json
H03,8,Workspace restore,manual,Restore compact results/settings; source re-upload required for new training.,VERIFIED — scoped local evidence,data.test.ts portable restore; browser restore prior checkpoint
H04,8,Unsafe export cell,manual,Spreadsheet formula-like strings cannot execute on normal import.,VERIFIED — scoped local evidence,data.test.ts formula neutralization
H05,8,Corrupt/future backup,manual,Validate size/schema/checksum; reject clearly without changing current workspace.,VERIFIED — scoped local evidence,data.test.ts schema/date/totals/checksum tests; legacy checksum-free revision explicitly supported
H06,8,Delete and local clear,manual,"Differentiate local deletion, remote deletion failure and server expiry.",VERIFIED — scoped local evidence,test_server_applied_plan_revisions_and_computed_chat deletion; history.test.ts local deletion; separate UI controls
U01,2/9,Keyboard/mobile/reduced motion,manual,"Entire primary flow usable without chat, animation or mouse.",PARTIAL — specific qualification gap recorded,390px no horizontal overflow; desktop/mobile screenshots; native controls and reduced-motion CSS; full assistive-technology/keyboard matrix not executed
U02,2/9,Results during typing,manual,Do not steal focus or discard conversation when job completes.,PARTIAL — specific qualification gap recorded,No main focus change while dialog open; input kept during assistant request; full completion-during-typing race test not executed
U03,9,Capacity evidence,manual,Separate data preparation vs training timings; disclose hardware and test workload.,VERIFIED — scoped local evidence,"engine-benchmark.json, http-benchmark.json, free-container-benchmark.json; scopes disclosed"
D01,4/10,Public source restriction,source,No raw M5 files or M5-derived bundled models in public deliverables without permission.,VERIFIED — scoped local evidence,Deliverable scan; synthetic fixtures and UCI adaptations only
D02,4/5,Demo cutoff,source,"Use one UCI sheet, exclude incomplete final day, reserve Nov11–Dec8 2011 final evaluation.",VERIFIED — scoped local evidence,evaluate_uci.py and evaluate_uci_development.py fixed worksheet/cutoffs; expanded evaluation explicitly development-only
D03,4/10,Source attribution,source,CC BY attribution and transformation disclosure included; no customer IDs exposed.,VERIFIED — scoped local evidence,README attribution; raw workbook/customer IDs excluded
